タイムスタンプ,No1マンガ,No2マンガ,No3マンガ,No4マンガ,No5マンガ
2026/07/22 9:33:25 午前 GMT+9,BLEACH,Hunter×Hunter,進撃の巨人,呪術廻戦,ブルーロック
2026/07/22 10:39:29 午前 GMT+9,銀魂,SKETDANCE,彼方のアストラ,WHICHWATCH,暗殺教室
2026/07/22 10:45:52 午前 GMT+9,正反対な君と僕,氷の城壁,ちいかわ,僕のヒーローアカデミア,HUNTER×HUNTER
2026/07/22 10:47:03 午前 GMT+9,炎炎の消防隊,浦安鉄筋家族,鬼滅の刃,鋼の錬金術師,ハイキュー!!
2026/07/22 11:06:05 午前 GMT+9,メイドインアビス,うらら迷路帖,私を食べたい、ひとでなし,猫と竜,ドリブターズ
2026/07/22 11:29:37 午前 GMT+9,宝石の国,トリマニア,アフターゴッド,大丈夫俱楽部,だがしかし
2026/07/22 11:30:08 午前 GMT+9,君に届け,ちいかわ,鋼の錬金術師,呪術廻戦,メダリスト
2026/07/22 11:31:40 午前 GMT+9,鬼滅の刃,推しの子,黒執事,ワンピース,ハンターハンター
2026/07/22 11:51:55 午前 GMT+9,踊るリスポーン,アヤメくんののんびり肉食日記,月刊少女野崎くん,酒と恋には酔って然るべき,女の園の星
2026/07/22 12:59:55 午後 GMT+9,ハイキュー!!,氷の城壁,僕のヒーローアカデミア,黒子のバスケ,SPY×FAMILY
2026/07/22 1:01:21 午後 GMT+9,聖☆おにいさん,宇宙兄弟,ちびまる子ちゃん,ドラえもん,ゴールデンカムイ
2026/07/22 1:03:49 午後 GMT+9,東京喰種,鋼の錬金術師,25時、赤坂で,幸せになりたいマサムネ君,ソードアートオンライン
2026/07/22 1:08:41 午後 GMT+9,Dr.STONE,宝石の国,呪術廻戦,ブルーロック,スラムダンク
2026/07/22 1:09:40 午後 GMT+9,インターネット・ラヴ！,最終電車の恋人たち,あめとつち,まだ捨てられないでいる,月とピエタ
2026/07/22 2:03:49 午後 GMT+9,薫る花は凛と咲く,葬送のフリーレン,SPY×FAMILY,推しの子,薬屋のひとりごと
2026/07/22 2:35:28 午後 GMT+9,ハイキュー,鬼滅の刃,ちはやふる,スラムダンク,ブルーロック
2026/07/22 2:39:00 午後 GMT+9,リラックマ4クママンガ,メダリスト,ゴールデンカムイ,文豪ストレイドッグス,ニセコイ
2026/07/22 3:11:51 午後 GMT+9,地獄楽,進撃の巨人,サマータイムレンダ,BANANA FISH,呪術廻戦
2026/07/22 3:17:36 午後 GMT+9,ハイキュー,アオアシ,響,左利きのエレン,黒子のバスケ
2026/07/22 3:36:55 午後 GMT+9,名探偵コナン,ドラえもん,ちびまる子ちゃん,なし,なし
2026/07/22 3:59:33 午後 GMT+9,ハイキュー,るろうに剣心,神様はじめました,チェンソーマン,聲の形
2026/07/22 4:01:27 午後 GMT+9,暗殺教室,ワールドトリガー,鋼の錬金術師,逆境ナイン,のだめカンタービレ
2026/07/22 4:01:33 午後 GMT+9,Paradise Kiss,覆面系ノイズ,ONE PIECE,暁のヨナ,なまいきざかり。
2026/07/22 4:02:03 午後 GMT+9,マッシュル,葬送のフリーレン,ブルーロック,魔入りました！入間くん,SPY×FAMILY
2026/07/22 4:02:41 午後 GMT+9,エヴァンゲリオン,デスノート,銀魂,呪術廻戦,コナン
2026/07/22 4:03:08 午後 GMT+9,WIND BREAKER,魔入りました！入間くん,ハイキュー!!,文豪ストレイドッグス,五等分の花嫁
2026/07/22 4:03:08 午後 GMT+9,ハイキュー,トモダチゲーム,ようこそ実力至上主義の教室へ,今際の国のアリス,進撃の巨人
2026/07/22 4:03:41 午後 GMT+9,DAYS,しゅごキャラ,光が死んだ夏,進撃の巨人,神風怪盗ジャンヌ
2026/07/22 4:03:45 午後 GMT+9,ONE PIECE,HUNTER×HUNTER,ハイキュー,NARUTO,呪術廻戦
2026/07/22 4:04:19 午後 GMT+9,呪術廻戦,なまいきざかり,センセイ君主,抱かれたい男1位に脅されています。,鬼灯の冷徹
2026/07/22 4:04:33 午後 GMT+9,名探偵コナン,ショコラの魔法,境界のRINNE,ミステリと言う勿れ,弱虫ペダル
2026/07/22 4:04:45 午後 GMT+9,呪術廻戦,黒子のバスケ,ヘタリア,夏目友人帳,HUNTER×HUNTER
2026/07/22 4:05:25 午後 GMT+9,東京喰種,暗殺教室,進撃の巨人,干物妹!うまるちゃん,チェンソーマン
2026/07/22 4:07:13 午後 GMT+9,月刊少女野崎くん,女の園の星,踊るリスポーン,鬼滅の刃,太陽よりも眩しい星
2026/07/22 4:07:53 午後 GMT+9,ハイキュー!!!,転生したらスライムだった件,僕のヒーローアカデミア,ボン・ビー太,アオアシ
2026/07/22 4:08:48 午後 GMT+9,孤独のグルメ,BARレモン・ハート,SLAM DUNK,ドラえもん,鬼滅の刃
2026/07/22 4:09:54 午後 GMT+9,べるぜバブ,宇宙兄弟,ハイキュー!!,姫ギャル♥パラダイス,やぶさかではございません
2026/07/22 4:11:23 午後 GMT+9,魔入りました入間くん,転生したらスライムだった件,アオのハコ,薬屋のひとりごと,HUNTER×HUNTER
2026/07/22 4:13:01 午後 GMT+9,僕のヒーローアカデミア,ウィッチウォッチ,魔入りました入間くん,桜蘭高校ホスト部,学園アリス
2026/07/22 4:13:24 午後 GMT+9,葬送のフリーレン,名探偵コナン,ハイキュー,ブルーロック,呪術廻戦
2026/07/22 4:33:19 午後 GMT+9,ワンピース,スラムダンク,銀魂,呪術廻戦,キングダム
2026/07/22 4:40:46 午後 GMT+9,鬼灯の冷徹,黒子のバスケ,ワンピース,マギ,マッシュル
2026/07/22 4:47:45 午後 GMT+9,ハンターハンター,その着せ替え人形は恋をする,ドラゴンボール,王家の紋章,ザ・ファブル
2026/07/22 4:50:19 午後 GMT+9,銀魂,キングダム,動物のお医者さん,SKET DANCE,銀の匙 Silver Spoon
2026/07/22 5:22:03 午後 GMT+9,マッシュル,スパイファミリー,ブルーロック,葬送のフリーレン,魔入りました入間くん
2026/07/22 8:20:08 午後 GMT+9,メダリスト,アフターゴッド,煙たい話,星旅少年,夜とコンクリート
2026/07/22 8:33:24 午後 GMT+9,黒執事,クレヨンしんちゃん,呪術回戦,テニスの王子様,僕のヒーローアカデミア
2026/07/22 8:57:05 午後 GMT+9,葬送のフリーレン,夏目友人帳,ワールドトリガー,銀魂,魔法使いの嫁
2026/07/22 10:39:50 午後 GMT+9,鋼の錬金術師,メダリスト,DEATH NOTE,HUNTER×HUNTER,ダンジョン飯
2026/07/22 11:46:43 午後 GMT+9,よつばと,しずくちゃん,ハニーレモンソーダ,ワンピース,銀魂
2026/07/23 1:01:41 午前 GMT+9,大人対戦,ジャンケットバンク,幼稚園WARS,ヒトナー,都市伝説先輩